Club,Website
MCIT Online Student Association (MOSA),https://pennclubs.com/club/mcit-online-student-association
Global Research and Consulting (GRC),https://pennclubs.com/club/global-research-and-consulting
Penn International Impact Consulting - PIIC,https://pennclubs.com/club/penn-international-impact-consulting
Penn Pre-Medical Association,https://pennclubs.com/club/penn-pre-med
Penn Neuroscience Society,https://pennclubs.com/club/penn-neurosci
Wharton Asia Exchange,https://pennclubs.com/club/wax
Chinese Students' Association (CSA),https://pennclubs.com/club/csa
Penn Barbell Club,https://pennclubs.com/club/penn-barbell-club
Penn Democrats,https://pennclubs.com/club/penn-dems
The College Dean's Advisory Board (DAB),https://pennclubs.com/club/the-college-deans-advisory-board
University of Pennsylvania Government and Politics Association,https://pennclubs.com/club/government-politics-association
Medical Emergency Response Team (MERT),https://pennclubs.com/club/medical-emergency-response-team-mert
Wharton Undergraduate Consulting Club (WUCC),https://pennclubs.com/club/wucc
Penn YDSA,https://pennclubs.com/club/penn-for-bernie
The Daily Pennsylvanian,https://pennclubs.com/club/the-daily-pennsylvanian
Penn Kidney Disease Screening and Awareness Program (KDSAP),https://pennclubs.com/club/penn-kdsap
Penn Outdoors Club,https://pennclubs.com/club/penn-outdoors
[SIC] The Social Impact Consulting Group,https://pennclubs.com/club/sic
Wharton GUIDE,https://pennclubs.com/club/wharton-guide
Social Deduction Club,https://pennclubs.com/club/social-deduction-club
Asian Media & Entertainment,https://pennclubs.com/club/asian-media-and-entertainment
Alpha Phi Omega,https://pennclubs.com/club/apo
Alpha Omega Epsilon,https://pennclubs.com/club/aoe
180 Degrees Consulting,https://pennclubs.com/club/180-degrees-consulting
West Philly Swingers,https://pennclubs.com/club/west-philly-swingers
Common Cents,https://pennclubs.com/club/pcc
Penn Spark,https://pennclubs.com/club/penn-spark
Penn Mock Trial,https://pennclubs.com/club/pennmocktrial
Asian Pacific Student Coalition (APSC),https://pennclubs.com/club/apsc
Assembly of International Students,https://pennclubs.com/club/ais
Vietnamese Students' Association (VSA),https://pennclubs.com/club/vsa
Penn Electric Racing,https://pennclubs.com/club/penn-electric-racing
Student Nurses at Penn,https://pennclubs.com/club/student-nurses-at-penn
Penn Theta Tau,https://pennclubs.com/club/theta-tau
Wharton Undergraduate Energy Group (WUEG),https://pennclubs.com/club/wharton-undergraduate-energy-group
Pan-Asian Dance Troupe,https://pennclubs.com/club/padt
Penn Glee Club,https://pennclubs.com/club/penn-glee-club
Wharton Marketing Undergraduate Student Establishment (MUSE),https://pennclubs.com/club/muse
Penn Aerospace Club,https://pennclubs.com/club/penn-aero
One for the World,https://pennclubs.com/club/oftw-undergrad
Hack4Impact,https://pennclubs.com/club/h4i
UnEarthed Penn,https://pennclubs.com/club/unearthed
Penn Band,https://pennclubs.com/club/penn-band
Project HEAL - Penn Chapter,https://pennclubs.com/club/project-heal
Penn Philippine Association,https://pennclubs.com/club/penn-philippine-association
PennScience Journal of Undergraduate Research,https://pennclubs.com/club/pennscience
Alzheimer's Buddies,https://pennclubs.com/club/alzheimers-buddies
Community School Student Partnerships,https://pennclubs.com/club/cssp
Penn Blockchain,https://pennclubs.com/club/penn-blockchain
Society of Women Engineers (Undergraduate),https://pennclubs.com/club/society-of-women-engineers-undergraduate
The WALK Magazine,https://pennclubs.com/club/the-walk-magazine
Penn Undergraduate Law Journal,https://pennclubs.com/club/pulj
We Can Swim!,https://pennclubs.com/club/we-can-swim
Penn SPAC Club,https://pennclubs.com/club/penn-spac-club
Penn Lions,https://pennclubs.com/club/penn-lions
Francophone Community Partnership,https://pennclubs.com/club/francophone-community-partnership
Japan Student Association,https://pennclubs.com/club/jsa
Penn Singers Light Opera Company,https://pennclubs.com/club/pennsingers
PENNaach,https://pennclubs.com/club/pennaach
Wharton Undergraduate Real Estate Club,https://pennclubs.com/club/wharton-undergraduate-real-estate-club
Penn Sustainability Consulting,https://pennclubs.com/club/penn-sustainability-consulting
Wharton Undergraduate Media & Entertainment Club (UME),https://pennclubs.com/club/ume
Bent Button Productions,https://pennclubs.com/club/bent-button
UPGRADE,https://pennclubs.com/club/upgrade
Matriculate,https://pennclubs.com/club/matriculate
Penn Aerial Robotics,https://pennclubs.com/club/penn-aerial-robotics
Penn Social Entrepreneurship Movement (PennSEM),https://pennclubs.com/club/pennsem
Penn Policy Consulting Group,https://pennclubs.com/club/penn-public-policy-consulting
MEDLIFE Penn,https://pennclubs.com/club/medlife-penn
Penn Music Mentoring Program,https://pennclubs.com/club/pmmp
Camp Kesem,https://pennclubs.com/club/camp-kesem
Penn Taiwanese Society,https://pennclubs.com/club/pts
Penn Climbing Club,https://pennclubs.com/club/climbing
Mex@Penn,https://pennclubs.com/club/mex
Wharton Investment & Trading Group (WITG),https://pennclubs.com/club/witg
Penn Ballet,https://pennclubs.com/club/penn-ballet
Off The Beat,https://pennclubs.com/club/offthebeat
Stimulus Children's Theatre Company,https://pennclubs.com/club/stimulus
Penn Reads Book Club,https://pennclubs.com/club/penn-reads
Shelter Health Outreach Program (SHOP),https://pennclubs.com/club/soup-kitchen-health-outreach-program
Service-Dog Training & Education Program at the University of Pennsylvania (STEP-UP),https://pennclubs.com/club/service-dog-training-education-program-at-the-university-of-pennsylvania
ADAPT,https://pennclubs.com/club/adapt
Penn Science Policy and Diplomacy Group,https://pennclubs.com/club/penn-science-policy-and-diplomacy-group
Penny Loafers,https://pennclubs.com/club/penny-loafers
West Philadelphia Tutoring Project,https://pennclubs.com/club/west-philadelphia-tutoring-project
Penn App√©tit,https://pennclubs.com/club/penn-appetit
GlobeMed at Penn,https://pennclubs.com/club/globemed-at-penn
Phi Delta Epsilon,https://pennclubs.com/club/phi-delta-epsilon
Penn for Refugee Empowerment,https://pennclubs.com/club/penn-undergraduates-for-refugee-empowerment
The Signal Society,https://pennclubs.com/club/the-signal
Pennsylvania Players,https://pennclubs.com/club/pennplayers
Penn German Society,https://pennclubs.com/club/penn-german-society
Muslim Students' Association,https://pennclubs.com/club/muslim-students-association
Penn Computer Science Society,https://pennclubs.com/club/css
Penn Club Swim,https://pennclubs.com/club/club-swim
Reach-A-Peer Helpline,https://pennclubs.com/club/rapline
Active Minds,https://pennclubs.com/club/active-minds
Penn Beekeeping Club,https://pennclubs.com/club/penn-beekeeping
Penn Climate Ventures,https://pennclubs.com/club/penn-climate-ventures
PIT@Penn,https://pennclubs.com/club/pitpenn
Penn k-Beats,https://pennclubs.com/club/penn-k-beats
Hindu & Jain Association,https://pennclubs.com/club/hindu-jain-association
Friends of MSF at Penn,https://pennclubs.com/club/friends-of-msf-at-penn
Chinese Language and Culture Club,https://pennclubs.com/club/chinese-language-and-culture-club
Men's Water Polo,https://pennclubs.com/club/mens-water-polo
JHealth at Penn,https://pennclubs.com/club/jhealth-at-penn
StudentsCare at Penn,https://pennclubs.com/club/students-care
Sigma Psi Zeta Sorority,https://pennclubs.com/club/sigma-psi-zeta-sorority
Penn Rubik's Cube Club,https://pennclubs.com/club/penn-rubiks-cube-club
Penn Data Science Group,https://pennclubs.com/club/penn-data-science-club
Kite and Key Society,https://pennclubs.com/club/kite-and-key
Wharton Undergraduate Healthcare Club (WUHC),https://pennclubs.com/club/wharton-undergraduate-healthcare-club
Phi Chi Theta,https://pennclubs.com/club/phi-chi-theta
Korean Student Association (KSA),https://pennclubs.com/club/penn-ksa
PERIOD@Penn,https://pennclubs.com/club/penn-period-project
Penn Art Club,https://pennclubs.com/club/penn-art-club
Student Hospice Organization of Penn,https://pennclubs.com/club/shoop
TAMID at Penn,https://pennclubs.com/club/tamid-at-penn
Movimiento Estudiantil Chicano de Aztlan (MEChA de Penn),https://pennclubs.com/club/mecha-de-penn
Penn Badminton,https://pennclubs.com/club/penn-competitive-badminton-club
Penn Lens Club,https://pennclubs.com/club/penn-lens
Alpha Iota Gamma (AIR) Pre-healthcare Brotherhood,https://pennclubs.com/club/air
Women's Club Ultimate Frisbee (Venus),https://pennclubs.com/club/womens-club-ultimate-frisbee
"The Wharton Equity, Diversity, and Inclusion Group",https://pennclubs.com/club/the-wharton-equity-diversity-and-inclusion-group
Penn Debate Society,https://pennclubs.com/club/pds
Penn Club XCTF,https://pennclubs.com/club/penn-club-xctf
Engineering Student Activities Council (ESAC),https://pennclubs.com/club/esac
Pi Lambda Sigma,https://pennclubs.com/club/pi-lambda-sigma
Penn Raas,https://pennclubs.com/club/penn-raas
Shabbatones,https://pennclubs.com/club/shabbatones
Osiris Senior Society,https://pennclubs.com/club/osiris-senior-society
WQHS Radio,https://pennclubs.com/club/wqhs
ManƒÅna,https://pennclubs.com/club/manana
Penn Symphony Orchestra,https://pennclubs.com/club/university-of-pennsylvania-chamber-and-symphony-orchestras
Moelis Access Science,https://pennclubs.com/club/moelis-access-science
Equilibria,https://pennclubs.com/club/equilibria
Penn Hype Dance Crew,https://pennclubs.com/club/penn-hype
Urban China Collective,https://pennclubs.com/club/urban-china-collective
Penn Catholic Newman Community,https://pennclubs.com/club/penn-catholic-newman-community
Penn Counterparts,https://pennclubs.com/club/counterparts
Grace Covenant Church,https://pennclubs.com/club/grace-covenant-church
The Christian Association Student Community,https://pennclubs.com/club/the-christian-association
Wharton Undergraduates in Public Policy,https://pennclubs.com/club/wupp
Access Engineering,https://pennclubs.com/club/access-engineering
SEAS Wellness,https://pennclubs.com/club/seas-wellness
Penn Special Olympics,https://pennclubs.com/club/penn-special-olympics
Wharton Alliance,https://pennclubs.com/club/wharton-alliance
Penn Equestrian Team,https://pennclubs.com/club/upenn-equestrian-club
Penn Dhamaka,https://pennclubs.com/club/penn-dhamaka
Transfer Student Organization,https://pennclubs.com/club/tso
Penn J-Bagel,https://pennclubs.com/club/penn-j-bagel
Penn Traditions,https://pennclubs.com/club/penn-traditions
Disney A Cappella,https://pennclubs.com/club/disney-a-cappella
Onda Latina,https://pennclubs.com/club/onda-latina
Collective Success @ Penn,https://pennclubs.com/club/collective-success
Wharton Korea Undergraduate Business Society,https://pennclubs.com/club/wharton-korea-undergraduate-business-society
Penn Autism Alliance,https://pennclubs.com/club/penn-speaks-for-autism
Black Pre-Law Association,https://pennclubs.com/club/black-pre-law-association
Big Brothers Big Sisters,https://pennclubs.com/club/penn-bigs
Penn Undergraduate Biotech Society (PUBS),https://pennclubs.com/club/pubs
Wharton Undergraduate Sports Business Club,https://pennclubs.com/club/sports-business
Penn Mahjong,https://pennclubs.com/club/penn-mahjong
Wharton Council,https://pennclubs.com/club/wharton-council
College Republicans,https://pennclubs.com/club/college-republicans
Black Wharton Undergraduate Association (BW),https://pennclubs.com/club/black-wharton-undergraduate-association-bw
Platypus Penn,https://pennclubs.com/club/platypus-affiliated-society
Ascendance Social Enterprise Club x Penn,https://pennclubs.com/club/ascendance-social-enterprise-club-upenn
Women's Club Lacrosse,https://pennclubs.com/club/womens-club-lacrosse
Full Measure A Cappella,https://pennclubs.com/club/full-measure-a-cappella
Anime@Penn,https://pennclubs.com/club/harrison-anime-club
Penn Astronomical Student Association,https://pennclubs.com/club/penn-astronomical-student-association
oSTEM at Penn,https://pennclubs.com/club/ostem-at-penn
Quadramics Theatre Co.,https://pennclubs.com/club/quadramics
Penn For Liberty,https://pennclubs.com/club/penn-for-liberty
Clio Society,https://pennclubs.com/club/clio-society
Penn Math Contest,https://pennclubs.com/club/upenn-math-contest
Penn Club Tennis,https://pennclubs.com/club/club-tennis
Penn Film Society,https://pennclubs.com/club/penn-film-society
FGLI DAB,https://pennclubs.com/club/fgli-dab
Penn Pickup Soccer,https://pennclubs.com/club/penn-pickup-soccer
Parkinson's Pals,https://pennclubs.com/club/parkinsons-pals
TEDxPenn,https://pennclubs.com/club/tedxpenn
Penn Innovators in Business (PIIB),https://pennclubs.com/club/penn-innovators-in-business-piib
Penn Leads the Vote,https://pennclubs.com/club/penn-leads-the-vote
Wharton Undergraduate Diversity and Inclusion Strategic Consulting Club (DISC),https://pennclubs.com/club/gender-balance-consulting-gbc
Google Developer Student Club (GDSC) Penn Chapter,https://pennclubs.com/club/developer-student-clubs-penn-chapter
Penn Alternative Breaks,https://pennclubs.com/club/penn-alt-breaks
Penn Engineering Council (PEC),https://pennclubs.com/club/penn-engineering-council
Quaker Notes,https://pennclubs.com/club/quaker-notes
Penn Brain Exercise Initiative,https://pennclubs.com/club/penn-brain-exercise-initiative
Penn Baking Club,https://pennclubs.com/club/penn-baking-club
Penn First,https://pennclubs.com/club/penn-first
Penn Animation,https://pennclubs.com/club/penn-animation
Penn Men's Club Volleyball,https://pennclubs.com/club/penn-mens-club-volleyball
Quaker Girls Dance Team,https://pennclubs.com/club/quaker-girls-dance-team
SPEC Spring Fling,https://pennclubs.com/club/spec-spring-fling
Every Nation Campus,https://pennclubs.com/club/every-nation-campus
The Inspiration A Cappella,https://pennclubs.com/club/inspiration
Penn Ping Pong,https://pennclubs.com/club/penn-table-tennis
Wharton Undergraduate Founders and Funders Association,https://pennclubs.com/club/penn-undergraduate-founders-and-funders-association
Penn Undergraduate Math Society,https://pennclubs.com/club/pums
Defenders of Wildlife @ Penn,https://pennclubs.com/club/defenders-of-wildlife-penn
Penn Infectious Disease Club,https://pennclubs.com/club/penn-infectious-disease-club
Dischord A Cappella,https://pennclubs.com/club/dischord-a-cappella
Nutrition Education Service Team (NEST),https://pennclubs.com/club/nutrition-education-service-team-nest
Without a Net,https://pennclubs.com/club/without-a-net
The Quant Hunters,https://pennclubs.com/club/quant-hunters
Writers For Mental Health,https://pennclubs.com/club/writers-for-mental-health
Underrepresented Student Advisory Board in Engineering,https://pennclubs.com/club/underrepresented-students-advisory-board-in-engineering
South Asia Society,https://pennclubs.com/club/south-asia-society
The Student Committee on Undergraduate Education (SCUE),https://pennclubs.com/club/the-student-committee-on-undergraduate-education-scue
Renewal College Fellowship,https://pennclubs.com/club/renewal-college-fellowship
American Institute of Chemical Engineers,https://pennclubs.com/club/aiche
Benjamin Franklin Scholars Undergraduate Advisory Board,https://pennclubs.com/club/benjamin-franklin-scholars-undergraduate-advisory-board
Australians and New Zealanders at Penn,https://pennclubs.com/club/anzap
Penn Sargam,https://pennclubs.com/club/sargam
Alloy Media,https://pennclubs.com/club/alloy-media
Consult Your Community,https://pennclubs.com/club/cyc
Men's Club Basketball,https://pennclubs.com/club/mens-club-basketball
Wharton Global Macro,https://pennclubs.com/club/wharton-global-macro
Penn Curling,https://pennclubs.com/club/penn-curling
United Minorities Council (UMC),https://pennclubs.com/club/united-minorities-council
Penn Tech Prophets,https://pennclubs.com/club/penn-tech-prophets
Penn Epilepsy Awareness Club,https://pennclubs.com/club/penn-epilepsy-awareness-club
Penn Undergraduate Capital Partners,https://pennclubs.com/club/penn-undergraduate-capital-partners
Penn Association for Gender Equity (PAGE),https://pennclubs.com/club/page
Penn Cycling,https://pennclubs.com/club/penn-cycling-and-triathlon
Penn Taekwondo Club (WTF),https://pennclubs.com/club/taekwondo-club-wtf
alpha Kappa Delta Phi,https://pennclubs.com/club/alpha-kappa-delta-phi
Penn Timmy Global Health (PTGH),https://pennclubs.com/club/penn-tgh
Penn Innovation Network | A Student Organization at the University of Pennsylvania,https://pennclubs.com/club/wharton-innovation-network
Penn Chinese Calligraphy,https://pennclubs.com/club/penn-chinese-calligraphy
Penn Women's Club Soccer,https://pennclubs.com/club/penn-womens-club-soccer
Women's Club Ice Hockey,https://pennclubs.com/club/womens-club-ice-hockey
Penn Women‚Äôs Club Basketball,https://pennclubs.com/club/womens-club-basketball
Rare @ Penn,https://pennclubs.com/club/rare-penn
Penn Spain,https://pennclubs.com/club/club-espana
Penn Bioethics Journal,https://pennclubs.com/club/bioethics-journal
Art and Wellness,https://pennclubs.com/club/art-and-wellness
Penn Science Across Ages,https://pennclubs.com/club/psaa
Penn Benjamins Peer Counseling,https://pennclubs.com/club/penn-benjamins
SPEC Film Society,https://pennclubs.com/club/spec-film-society
SPEC Concerts,https://pennclubs.com/club/spec-concerts
Penn Graduate Consulting Club,https://pennclubs.com/club/penn-graduate-consulting-club
Men's Club Soccer,https://pennclubs.com/club/mens-club-soccer
American Society of Mechanical Engineers,https://pennclubs.com/club/american-society-of-mechanical-engineers
Freaks of the Beat,https://pennclubs.com/club/fotb
International Relations Undergraduate Student Association,https://pennclubs.com/club/irusa
Men's Club Ultimate Frisbee,https://pennclubs.com/club/mens-club-ultimate-frisbee
Penn Bioethics Society,https://pennclubs.com/club/penn-bioethics-society
Lambda Alliance,https://pennclubs.com/club/lambda
Arts House Dance Company,https://pennclubs.com/club/arts-house
C-4,https://pennclubs.com/club/c-4
Penn Northeast Asia Economic Forum,https://pennclubs.com/club/penn-northeast-asia-economic-forum
Penn Engineers Without Borders,https://pennclubs.com/club/engr-wo-borders
Best Buddies,https://pennclubs.com/club/best-buddies
Wharton Dean's Undergraduate Advisory Board (WAB),https://pennclubs.com/club/wharton-deans-undergraduate-advisory-board-wab
Penn Undergraduate Criminology Society (PUCS),https://pennclubs.com/club/penn-undergraduate-criminology-society-pucs
Isla Urbana at Penn,https://pennclubs.com/club/isla-urbana-at-penn
YoungLife Skeptic's Dinner,https://pennclubs.com/club/round-table-dinner
Penn for LiNK (Liberty in North Korea),https://pennclubs.com/club/penn-link
PennYo A Cappella,https://pennclubs.com/club/pennyo-a-cappella
West African Vibe,https://pennclubs.com/club/west-african-vibe
Penn for UNICEF,https://pennclubs.com/club/unicef
Women in Computer Science (WiCS),https://pennclubs.com/club/women-in-computer-science-wics
Penn Students for Students,https://pennclubs.com/club/penn-students-for-students
SPEC Connaissance,https://pennclubs.com/club/spec-connaissance
The Canadian Club at Penn,https://pennclubs.com/club/canadian-students-association
Women's Club Water Polo,https://pennclubs.com/club/womens-club-water-polo
Veterans' Life Stories,https://pennclubs.com/club/veterans-life-stories
Adventist Students for Christ,https://pennclubs.com/club/adventist-students-for-christ
Divulge Alliance at Penn,https://pennclubs.com/club/divulge-alliance
PennFems,https://pennclubs.com/club/pennfems
Wharton Alumni Relations Council,https://pennclubs.com/club/wharton-alumni-relations-council
Penn Shotokan Karate Club,https://pennclubs.com/club/penn-shotokan-karate-club
The International Affairs Association (IAA),https://pennclubs.com/club/the-international-affairs-association
Biomedical Engineering Society (BMES),https://pennclubs.com/club/biomedical-engineering-society-bmes
Penn Judo Club,https://pennclubs.com/club/judo
The Invizibles at Penn,https://pennclubs.com/club/the-invizibles-at-penn
Pan-Asian American Graduate Student Association,https://pennclubs.com/club/pan-asian-american-graduate-student-association
Engineering Consultants at Penn - ECP,https://pennclubs.com/club/penn-engineering-consultants
Alexander Hamilton Society at Penn,https://pennclubs.com/club/alexander-hamilton-society-penn-chapter
The Penn Review Literary Magazine,https://pennclubs.com/club/the-penn-review-literary-magazine
PennAces,https://pennclubs.com/club/pennaces
Penn Epistle,https://pennclubs.com/club/the-penn-epistle
DiversaTech Penn,https://pennclubs.com/club/diversatech-penn
Nominations and Elections Committee (NEC),https://pennclubs.com/club/nominations-and-elections-committee-nec
Christian Students @ Penn,https://pennclubs.com/club/christian-students-penn
Penn Taekwondo Club (ITF),https://pennclubs.com/club/penn-taekwondo-club-itf
Front Row Theatre Company,https://pennclubs.com/club/front-row
Penn Masti,https://pennclubs.com/club/penn-masti
Wharton Wellness Board,https://pennclubs.com/club/wharton-wellness-board
Penn Polish Club,https://pennclubs.com/club/penn-polish-club
"Gamma Chapter of Delta Sigma Theta Sorority, Inc.",https://pennclubs.com/club/gamma-chapter-of-delta-sigma-theta-sorority-inc
Phi Alpha Delta (PAD),https://pennclubs.com/club/phi-alpha-delta
University of Pennsylvania Figure Skating Club,https://pennclubs.com/club/university-of-pennsylvania-figure-skating-club
The Mask and Wig Club,https://pennclubs.com/club/mask-and-wig-club
Penn Intelligence and Defense Group,https://pennclubs.com/club/penn-intelligence-defense-group
Sparks Dance Company,https://pennclubs.com/club/sparks-dance-company
Minorities in Nursing Organization,https://pennclubs.com/club/mno
Armenian Students Association,https://pennclubs.com/club/armenian-students-association
Penn Law Boxing Club,https://pennclubs.com/club/penn-law-boxing-club
VIPER Student Board,https://pennclubs.com/club/viper-student-board
Dance Marathon @ Penn,https://pennclubs.com/club/dance-marathon-upenn
Sangam,https://pennclubs.com/club/sangam
Mujeres Empoderadas,https://pennclubs.com/club/mujeres-empoderadas
Theatre Arts Council,https://pennclubs.com/club/theatre-arts-council
Alpha Kappa Alpha Sorority Inc.,https://pennclubs.com/club/alpha-kappa-alpha-sorority-inc
Penn Law Dodgeball,https://pennclubs.com/club/penn-law-dodgeball
Penn Quiz Bowl,https://pennclubs.com/club/penn-quiz-bowl
PennVeg,https://pennclubs.com/club/penn-vegan-society
PennTango,https://pennclubs.com/club/penntango
Society of Hispanic Professional Engineers (SHPE),https://pennclubs.com/club/society-of-hispanic-professional-engineers
Discentes,https://pennclubs.com/club/discentes
Asian Baptist Student Koinonia (ABSK),https://pennclubs.com/club/asian-baptist-student-koinonia-for-undergraduates
Penn Reflect,https://pennclubs.com/club/penn-reflect
Penn FIMRC,https://pennclubs.com/club/penn-fimrc
Penn Association for Women in Mathematics,https://pennclubs.com/club/pawm
Netter Center Student Advisory Board,https://pennclubs.com/club/netter-center-student-advisory-board
Gourmand Supper Club,https://pennclubs.com/club/gourmand-supper-club
Taiwanese Graduate and Professional Student Association,https://pennclubs.com/club/taiwanese-graduate-and-professional-student-association
Every Voice Penn,https://pennclubs.com/club/every-voice-penn
The Disabled Coalition,https://pennclubs.com/club/the-disabled-coalition
GEAR UP at Penn,https://pennclubs.com/club/gear-up
Biological Basis of Behavior (BBB) Society,https://pennclubs.com/club/biological-basis-of-behavior-bbb-society
Civic Youth Action Partnership,https://pennclubs.com/club/civic-youth-action-partnership
Collegium Institute Student Association at Penn,https://pennclubs.com/club/collegium-institute-student-association-at-penn
Penn INSPIRE,https://pennclubs.com/club/penn-inspire
Penn DiscoverMates,https://pennclubs.com/club/penn-discovermates
Penn Bangladeshi Student Association,https://pennclubs.com/club/penn-bangladeshi-student-association
Penn Meditation and Buddhism Club,https://pennclubs.com/club/penn-buddhism-club
FGLIQ,https://pennclubs.com/club/fgliq
Penn American Red Cross,https://pennclubs.com/club/americanredcross
Helping Hands,https://pennclubs.com/club/helping-hands
Check One,https://pennclubs.com/club/check-one
Women's Club Volleyball,https://pennclubs.com/club/womens-club-volleyball
Women's Club Rugby,https://pennclubs.com/club/pwrfc
Volunteers Around the World: Global Health Alliances (VAW),https://pennclubs.com/club/volunteers-around-the-world-global-health-alliances-vaw
New Spirit of Penn Gospel Choir,https://pennclubs.com/club/new-spirit-of-penn-gospel-choir
Road2Research (R2R),https://pennclubs.com/club/road2research-r2r
Students Demand Action at Penn,https://pennclubs.com/club/students-demand-action-at-penn
Penn Hillel,https://pennclubs.com/club/penn-hillel
Penn Word Games Club,https://pennclubs.com/club/penn-word-games-club
Koreans At Penn,https://pennclubs.com/club/koreans-at-penn
Fuerza,https://pennclubs.com/club/fuerza
PIPAC (Penn Israel Public Affairs Committee),https://pennclubs.com/club/pipac
Penn in Washington Student Organization,https://pennclubs.com/club/penn-in-washington-student-organization
Malaysians At Penn,https://pennclubs.com/club/malaysians-at-penn
Quake Magazine,https://pennclubs.com/club/quake-magazine
PennApps,https://pennclubs.com/club/pennapps
PennClubH2O,https://pennclubs.com/club/pennclubh2o
Alpha Phi Alpha,https://pennclubs.com/club/alpha-phi-alpha
SLP @ Penn,https://pennclubs.com/club/slp-penn
SNUGS (Special Needs Undergraduate Swim Lessons),https://pennclubs.com/club/snugs
Department of Music Performance Ensembles,https://pennclubs.com/club/department-of-music-performance-ensembles
Be Body Positive Penn,https://pennclubs.com/club/be-body-positive-upenn
Immunology Graduate Student Association (IGA),https://pennclubs.com/club/immunology-graduate-student-association-iga
Penn Compose,https://pennclubs.com/club/penn-compose
Women in Animation (WiA),https://pennclubs.com/club/women-in-animation
Caribbean American Student Association (CASA),https://pennclubs.com/club/caribbean-american-student-association-casa
Penn Chinese Dance Club (PCDC),https://pennclubs.com/club/penn-chinese-dance-club-pcdc
TIMBA Penn,https://pennclubs.com/club/timba-penn
The French Society,https://pennclubs.com/club/french-society
Penn Lifestyle Medicine Interest Group,https://pennclubs.com/club/penn-lifestyle-medicine-interest-group
Yarnaholics,https://pennclubs.com/club/yarnaholics
ASDA at Penn,https://pennclubs.com/club/penn-asda-chapter
Auxilium Tutoring,https://pennclubs.com/club/auxilium-tutoring
OurSpace,https://pennclubs.com/club/ourspace
Penn Skateboarding Club,https://pennclubs.com/club/penn-skateboarding-club
Monolith,https://pennclubs.com/club/monolith
Queer Christian Fellowship,https://pennclubs.com/club/queer-christian-fellowship
Club Singapore,https://pennclubs.com/club/club-singapore
Interprofessional Women's Council (IPWC),https://pennclubs.com/club/inter-professional-womens-council
Aurora,https://pennclubs.com/club/aurora
Penn Golf Club,https://pennclubs.com/club/penn-golf-club
Penn African Students Association,https://pennclubs.com/club/penn-african-students-association
Penn HKN (Eta Kappa Nu),https://pennclubs.com/club/penn-hkn-eta-kappa-nu
Graduate rowing and crew team,https://pennclubs.com/club/graduate-rowing-and-crew-team
The Federalist Society,https://pennclubs.com/club/the-federalist-society
SASgov,https://pennclubs.com/club/sasgov
Walnut St.,https://pennclubs.com/club/walnut-st
Undergraduate Assembly (UA),https://pennclubs.com/club/undergraduate-assembly-ua
The Songwriters Collective,https://pennclubs.com/club/the-songwriters-collective
Dell Women's Entrepreneur Network @ Penn,https://pennclubs.com/club/dell-womens-entrepreneur-network-penn
Penn Black and Jewish Dialogues,https://pennclubs.com/club/penn-black-and-jewish-dialogues
Lebanese Club @ Penn,https://pennclubs.com/club/lebanese-club-penn
Penn Impact Investing,https://pennclubs.com/club/penn-impact-investing
Penn Prosthodontics Club,https://pennclubs.com/club/upenn-prosthodontics-club
The Penn Museum Graduate Advisory Council,https://pennclubs.com/club/the-penn-museum-graduate-advisory-council
Penn Cinema Initiative,https://pennclubs.com/club/penn-cinema-initiative
Penn History Review,https://pennclubs.com/club/penn-history-review
Graduate Student Hiking Club,https://pennclubs.com/club/graduate-student-hiking-club
"Zeta Phi Beta Sorority, Inc.",https://pennclubs.com/club/zeta-phi-beta-sorority-inc
Penn Beats,https://pennclubs.com/club/penn-beats
Philadelphia Classic (PClassic),https://pennclubs.com/club/philadelphia-classic-pclassic
Brazilian Graduate Society,https://pennclubs.com/club/brazilian-graduate-society
ESE Undergraduate Advisory Board,https://pennclubs.com/club/ese-undergraduate-advisory-board
The Jendela Project,https://pennclubs.com/club/the-jendela-project
Penn Screenwriters Guild,https://pennclubs.com/club/penn-screenwriters-guild
Penn Sports Analytics Group,https://pennclubs.com/club/penn-sports-analytics-group
Project Sunshine - University of Pennsylvania Chapter,https://pennclubs.com/club/project-sunshine
Climate Leaders @ Penn,https://pennclubs.com/club/climate-action-penn
Diversity & Inclusivity in Physics,https://pennclubs.com/club/diversity-inclusivity-in-physics
LPS Gov,https://pennclubs.com/club/lps-gov
Penn ABSK iGrad,https://pennclubs.com/club/penn-absk-igrad
Student Public Interest Network (SPIN),https://pennclubs.com/club/student-public-interest-network-spin
Students for Environmental Equity (SEE),https://pennclubs.com/club/students-for-environmental-equity-see
Onyx Senior Honor Society,https://pennclubs.com/club/onyx-senior-honor-society
Chinese Students and Scholars Association at Penn (CSSAP),https://pennclubs.com/club/chinese-students-and-scholars-association-at-penn-cssap
Bridge Consulting,https://pennclubs.com/club/wharton-bridge-consulting
Campus Curlz,https://pennclubs.com/club/campus-curlz
Korean Graduate Students Association (KoGSA),https://pennclubs.com/club/korean-graduate-students-association
God's Property,https://pennclubs.com/club/gods-property
Sigma Delta Tau,https://pennclubs.com/club/sigma-delta-tau
Genetic Counseling Student Interest Group at Penn,https://pennclubs.com/club/genetic-counseling-student-interest-group
Center for Undergraduate Research and Fellowships (CURF) Advisory Board,https://pennclubs.com/club/center-for-undergraduate-research-and-fellowships-curf-undergraduate-advisory-board
CultivatePenn,https://pennclubs.com/club/cultivatepenn
PennSori A Cappella,https://pennclubs.com/club/pennsori
Penn Ukrainian Club,https://pennclubs.com/club/penn-ukrainian-club
First Love Philly,https://pennclubs.com/club/first-love-phily
Biomedical Graduate Studies Club Soccer,https://pennclubs.com/club/bgs-club-soccer
IMPAC (Impactful Mentorship at Penn for Adopted Children),https://pennclubs.com/club/impac
My Brother's Keeper,https://pennclubs.com/club/my-brothers-keeper
Penn Policy,https://pennclubs.com/club/penn-policy
Latter Day Saint Student Association,https://pennclubs.com/club/latter-day-saint-student-association
Sports Club Council (SCC),https://pennclubs.com/club/sports-club-councilscc
Penn Law F.C. (Soccer),https://pennclubs.com/club/penn-law-fc
Medievalists @ Penn (M@P),https://pennclubs.com/club/medievalists-penn-mp
Advancing Health Education Diversity,https://pennclubs.com/club/advancing-health-education-diversity
Intensive Reading Group,https://pennclubs.com/club/intensive-reading-group
Ultimate Pickleball Club,https://pennclubs.com/club/ultimate-pickleball-club
Wharton Undergraduate Distressed Investing Group (WUDIG),https://pennclubs.com/club/distressed-investing-group
South Asian Law Students Association (SALSA),https://pennclubs.com/club/south-asian-law-students-association
University of Pennsylvania Spikeball Club,https://pennclubs.com/club/university-of-pennsylvania-roundnet-club
Dance Arts Council,https://pennclubs.com/club/dance-arts-council
Penn Graduate Christian Fellowship,https://pennclubs.com/club/penn-graduate-christian-fellowship
W3ABT Amateur Radio Club at the University of Pennsylvania,https://pennclubs.com/club/uparc
PennHellenic,https://pennclubs.com/club/pennhellenic
Black Student-Athletes at Penn,https://pennclubs.com/club/black-student-athletes-at-penn
Conservative Jewish Community (CJC),https://pennclubs.com/club/conservative-jewish-community
Ark Fellowship,https://pennclubs.com/club/ark-fellowship
Rangoli,https://pennclubs.com/club/rangoli
Penn Zen Circle,https://pennclubs.com/club/penn-zen-circle
Thai Students Association (PennThai),https://pennclubs.com/club/thai-students-association
Jewish Executive Track,https://pennclubs.com/club/jewish-executive-track
Lambda Grads,https://pennclubs.com/club/lambda-grads
2024 Class Board,https://pennclubs.com/club/2024-class-board
FilmAid at Penn,https://pennclubs.com/club/penn-filmaid
Penn Latin and Ballroom Dance (PLBD),https://pennclubs.com/club/penn-latin-and-ballroom-dance-plbd
Delta-v: Penn,https://pennclubs.com/club/delta-v-penn
Penn Cricket Club,https://pennclubs.com/club/penn-cricket-club
Penn Women's Wrestling Club,https://pennclubs.com/club/penn-womens-wrestling-club
DC Law Club,https://pennclubs.com/club/dc-law-club
Entertainment & Sports Law Society,https://pennclubs.com/club/entertainment-sports-law-society
Minority Association for Pre-health Students (MAPS),https://pennclubs.com/club/minority-association-for-pre-health-students-maps
MAP-Penn,https://pennclubs.com/club/map-penn
Demography Club,https://pennclubs.com/club/demography-club
Delta Kappa Epsilon Fraternity,https://pennclubs.com/club/delta-kappa-epsilon-fraternity
Pharm4GOOD,https://pennclubs.com/club/pharm4good
Yan Xin Life Science Technology Club,https://pennclubs.com/club/yan-xin-life-science-technology-club
Salt & Light Fellowship,https://pennclubs.com/club/salt-light-fellowship
Penn Charity Fashion Show,https://pennclubs.com/club/penn-charity-fashion-show
Penn Carey Law National Security Society,https://pennclubs.com/club/penn-carey-law-national-security-society
Equal Justice Foundation,https://pennclubs.com/club/equal-justice-foundation
Zeta Beta Tau,https://pennclubs.com/club/zeta-beta-tau
Penn Quant Trading Club,https://pennclubs.com/club/quant-trading
Wharton Undergraduate Finance Club,https://pennclubs.com/club/wharton-undergraduate-finance-club
Penn Labs,https://pennclubs.com/club/pennlabs
Consult For America (CFA),https://pennclubs.com/club/consult-for-america
Penn Habitat for Humanity,https://pennclubs.com/club/habitat
Her Campus @ Penn,https://pennclubs.com/club/her-campus-penn
Wharton Undergraduate Finance & Technology Group (WUFT),https://pennclubs.com/club/wharton-undergraduate-finance-technology-group-wuft
Penn Undergraduate Psychology Society,https://pennclubs.com/club/pennpsychologysociety
Ideas for Action (I4A),https://pennclubs.com/club/penn-wharton-ideas-for-action
Science Olympiad at the University of Pennsylvania,https://pennclubs.com/club/science-olympiad
Penn Venture Group,https://pennclubs.com/club/penn-venture-group
Wharton Undergraduate Data Analytics Club (WUDAC),https://pennclubs.com/club/wharton-undergraduate-data-analytics-club
Keynotes A Cappella,https://pennclubs.com/club/keynotes-a-cappella
Penn Circle K,https://pennclubs.com/club/penn-circle-k
Wharton Women,https://pennclubs.com/club/wharton-women
Penn Heroes,https://pennclubs.com/club/penn-heroes
University Honor Council,https://pennclubs.com/club/honor-council
Penn Women's Biomedical Society,https://pennclubs.com/club/womens-biomedical-society
Alpha Kappa Psi,https://pennclubs.com/club/alpha-kappa-psi
Abuse and Sexual Assault Prevention (ASAP),https://pennclubs.com/club/abuse-and-sexual-assault-prevention
Penn Business Roundtable,https://pennclubs.com/club/penn-business-roundtable
Wharton International Business Review,https://pennclubs.com/club/ibr
The Record Yearbook,https://pennclubs.com/club/the-record-yearbook
Penn Sirens,https://pennclubs.com/club/penn-sirens
The Pennchants,https://pennclubs.com/club/pennchants
AI@Penn,https://pennclubs.com/club/aipenn
"Changing Health, Attitude, + Actions to Recreate Girls [CHAARG]",https://pennclubs.com/club/changing-health-attitude-actions-to-recreate-girls-chaarg
Wharton China Association (WCA),https://pennclubs.com/club/wca
Synapse: Penn's Undergraduate Medical Connection,https://pennclubs.com/club/penn-synapse
Black Student League,https://pennclubs.com/club/penn-bsl
Service Link,https://pennclubs.com/club/service-link
Natives at Penn,https://pennclubs.com/club/natives-at-penn
Penn Bites of Asia,https://pennclubs.com/club/penn-bites-of-asia
Penn Philosophy Society,https://pennclubs.com/club/penn-philosophy-society
Wharton Undergraduate Aerospace Club,https://pennclubs.com/club/wuac
Wharton Management Club,https://pennclubs.com/club/wharton-management-club
Penn Environmental Group,https://pennclubs.com/club/penn-environmental-group
Penn Sailing Team,https://pennclubs.com/club/penn-sailing
Wharton Undergraduate Entrepreneurship Club (WUEC),https://pennclubs.com/club/wharton-undergraduate-entrepreneurship-club
Penn Fashion Collective,https://pennclubs.com/club/penn-fashion-collective
Penn for Youth Debate,https://pennclubs.com/club/pfyd
Penn India Association (PIA),https://pennclubs.com/club/penn-india-association
Tech It Out Philly,https://pennclubs.com/club/tech-it-out-philly
Yalla Middle Eastern Dance & Drum Troupe,https://pennclubs.com/club/yalla
Penn TechnoGrads,https://pennclubs.com/club/penn-technograds
Undergraduate Statistics Society (USS),https://pennclubs.com/club/uss
Penn Dance Company,https://pennclubs.com/club/penn-dance
Alpha Delta Phi Society,https://pennclubs.com/club/alpha-delta-phi-society
Philomathean Society,https://pennclubs.com/club/philomathean
Emerging Markets,https://pennclubs.com/club/emerging-markets
QuestBridge Scholars at Penn,https://pennclubs.com/club/quest-scholars-at-penn
iNtuitons Experimental Theatre,https://pennclubs.com/club/intuitions
F-Word: A Collection of Feminist Voices,https://pennclubs.com/club/f-word
Penn Club Squash,https://pennclubs.com/club/penn-club-squash
üå± Wharton Undergrad AgriBusiness Club,https://pennclubs.com/club/agribusiness-club
Alpha Chi Rho (AXP) Fraternity,https://pennclubs.com/club/alpha-chi-rho-axp-fraternity
Penn Arab Student Society,https://pennclubs.com/club/penn-arab-student-society
Penn Ski and Snowboard Team,https://pennclubs.com/club/penn-ski-snowboard
Wharton Ambassadors,https://pennclubs.com/club/wharton-ambassadors
Fossil Free Penn,https://pennclubs.com/club/fossil-free-penn
Ethics in Behavioral Science,https://pennclubs.com/club/ethics-in-behavioral-science
Penn Club Baseball,https://pennclubs.com/club/penn-club-baseball
Be You Team (BYT),https://pennclubs.com/club/be-you-team-byt
Penn Egyptian Society,https://pennclubs.com/club/penn-egyptian-society
Penn Chess,https://pennclubs.com/club/chess
Under the Button,https://pennclubs.com/club/under-the-button
UNAIDS at Penn,https://pennclubs.com/club/penn-for-unaids
Penn Rotaract,https://pennclubs.com/club/penn-rotaract
Hong Kong Student Association,https://pennclubs.com/club/hong-kong-student-association
Wharton Undergraduate Cohort Leaders,https://pennclubs.com/club/wharton-undergraduate-cohort-leaders
Wharton Hedge Fund Club,https://pennclubs.com/club/wharton-hedge-fund-club
Beyond Arrests: Re-Thinking Systematic-Oppression (BARS),https://pennclubs.com/club/beyond-arrests-re-thinking-systematic-oppression-bars
Society of Physics Students,https://pennclubs.com/club/society-of-physics-students
Penn Asian American Pacific Islander Politics,https://pennclubs.com/club/penn-asian-american-pacific-islander-politics
Pennsylvania Six-5000 (Penn Six),https://pennclubs.com/club/pennsylvania-six-5000
Fashion Design & Styling Studio,https://pennclubs.com/club/fashion-design-styling-studio
Project Access: University of Pennsylvania,https://pennclubs.com/club/project-access-university-of-pennsylvania
Q-INE Magazine,https://pennclubs.com/club/q-ine-magazine
National Society of Black Engineers (NSBE),https://pennclubs.com/club/nsbe
Reform Jewish Community (RJC),https://pennclubs.com/club/reform-jewish-community-rjc
La Vida Magazine,https://pennclubs.com/club/la-vida-magazine
Delta Sigma Pi,https://pennclubs.com/club/dsp
Mindly Magazine,https://pennclubs.com/club/mindly-magazine
Penn Young Democratic Socialists of America,https://pennclubs.com/club/penn-young-democratic-socialists-of-america
Nigerians at Penn,https://pennclubs.com/club/nap
Penn Men's Club Lacrosse,https://pennclubs.com/club/penn-mens-club-lacrosse
Penn Ghana,https://pennclubs.com/club/penn-ghana
The Pennsylvania Punch Bowl,https://pennclubs.com/club/punch-bowl
Wharton Undergraduate Society of Accounting,https://pennclubs.com/club/penn-accounting-society
PGWISE,https://pennclubs.com/club/pgwise
Penn Model Congress,https://pennclubs.com/club/penn-model-congress
Ase Academy,https://pennclubs.com/club/ase-academy
Nurses for Sexual and Reproductive Health,https://pennclubs.com/club/nurses-for-sexual-and-reproductive-health
Penn Cares for Kids,https://pennclubs.com/club/penn-cares-kids
t-art magazine,https://pennclubs.com/club/t-art
PennCraft,https://pennclubs.com/club/penncraft
Penn Yoga and Meditation Community,https://pennclubs.com/club/penn-yoga-and-meditation-community
Penn Bucket,https://pennclubs.com/club/penn-bucket
Seven | Eight,https://pennclubs.com/club/seven-eight
Build A Boss,https://pennclubs.com/club/build-a-boss
A Moment of Magic Penn,https://pennclubs.com/club/a-moment-of-magic-penn
The Women's Network at Penn,https://pennclubs.com/club/the-womens-network
Penn Smash Bros.,https://pennclubs.com/club/penn-smash-bros
ICA Student Board,https://pennclubs.com/club/institute-of-contemporary-art-student-board
Women in Physics,https://pennclubs.com/club/women-in-physics
"Global Connect: U City, A student organization at Penn",https://pennclubs.com/club/global-connect-u-city
ARG@Penn,https://pennclubs.com/club/argpenn
Penn China Education Summit,https://pennclubs.com/club/penn-china-education-summit
Penn Undergraduate Chemistry Society,https://pennclubs.com/club/penn-undergraduate-chemistry-society
Horus Senior Society,https://pennclubs.com/club/horus-senior-society
Cases over Coffee @ Penn,https://pennclubs.com/club/cases-over-coffee-penn
Student Sustainability Association at Penn (SSAP),https://pennclubs.com/club/ssap
Penn In Hand,https://pennclubs.com/club/penn-in-hand
Dana How Scholars,https://pennclubs.com/club/dana-how-scholars
Fin$marts,https://pennclubs.com/club/finmarts
Penn Playwrights,https://pennclubs.com/club/penn-playwrights
34th Street Magazine,https://pennclubs.com/club/34th-street-magazine
Penn Tea Club,https://pennclubs.com/club/penn-tea-club
Penn IEEE,https://pennclubs.com/club/penn-ieee
CityStep,https://pennclubs.com/club/citystep
"Synchronized Swimming (zoom password ""synchro"")",https://pennclubs.com/club/synchronized-swimming
Global Impact Collaborative,https://pennclubs.com/club/gic
Penn Poker Club,https://pennclubs.com/club/penn-poker-club
Engineers in Medicine (eMed),https://pennclubs.com/club/engineers-in-medicine-emed
Scholars of Finance,https://pennclubs.com/club/scholars-of-finance
Penn Tabletop,https://pennclubs.com/club/penn-tabletop
Queer and Asian,https://pennclubs.com/club/queer-and-asian
The Intercollegiate Finance Journal ‚Äî Penn Chapter,https://pennclubs.com/club/intercollegiate-finance-journal
Penncasila,https://pennclubs.com/club/Penncasila
Penn Jazz Ensemble,https://pennclubs.com/club/penn-jazz-ensemble
Penn John Marshall Pre-Law Society,https://pennclubs.com/club/upenn-john-marshall-pre-law-honor-society
Penn Data Science Alliance,https://pennclubs.com/club/penn-data-science-alliance
Penn Students Against the Occupation (PAO),https://pennclubs.com/club/penn-students-against-the-occupation-pao
Cosmic Writers,https://pennclubs.com/club/cosmic-writers
Penn Create,https://pennclubs.com/club/penn-create
Wharton Undergraduate Private Equity & Venture Capital Club,https://pennclubs.com/club/wharton-undergraduate-private-equity-venture-capital-club
Educational Pipeline Program,https://pennclubs.com/club/educational-pipeline-program
History Student Society,https://pennclubs.com/club/hss
First-Generation Low-Income in Technology and Engineering,https://pennclubs.com/club/first-generation-low-income-in-technology-and-engineering
Penn Chinese Theater,https://pennclubs.com/club/penn-chinese-theater
Beatles' Pen,https://pennclubs.com/club/beatles-pen
Quakers for Life,https://pennclubs.com/club/quakers-for-life
Southern African Students Association,https://pennclubs.com/club/southern-african-students-association
international FGLI (iFGLI),https://pennclubs.com/club/international-fgli-ifgli
Penn Rocketry,https://pennclubs.com/club/penn-rocketry
Penn Albanian Society,https://pennclubs.com/club/albanian-association-at-penn
The Excelano Project,https://pennclubs.com/club/the-excelano-project
Epsilon Eta,https://pennclubs.com/club/epsilon-eta
Pi Kappa Alpha Fraternity (Œ†ŒöŒë),https://pennclubs.com/club/pi-kappa-alpha
Cuban American Undergraduate Student Association,https://pennclubs.com/club/causa
Penn Interfraternity Council (IFC),https://pennclubs.com/club/penn-interfraternity-council-ifc
Penn Quantum Computing Club,https://pennclubs.com/club/penn-quantum-computing-club
Phi Gamma Nu (PGN) Professional Business Fraternity,https://pennclubs.com/club/phi-gamma-nu-professional-business-fraternity
Bloomers Comedy,https://pennclubs.com/club/bloomers
Wharton Europe,https://pennclubs.com/club/wharton-europe
Doublespeak Magazine,https://pennclubs.com/club/doublespeak
Penn for Jesus,https://pennclubs.com/club/penn-for-jesus
Society of Asian Scientists and Engineers (SASE),https://pennclubs.com/club/society-of-asian-scientists-and-engineers-sase
African American Arts Alliance (4A),https://pennclubs.com/club/african-american-arts-alliance-4a
Penn Pre-Dental Society,https://pennclubs.com/club/pre-dental
Operation Smile,https://pennclubs.com/club/operation-smile
Icarus Research Group,https://pennclubs.com/club/icarus-research-group
Kappa Alpha Theta,https://pennclubs.com/club/kappa-alpha-theta
Queer Student Alliance (QSA),https://pennclubs.com/club/queer-student-alliance
Wharton Retail Club,https://pennclubs.com/club/wharton-retail-club
Needles and Hooks,https://pennclubs.com/club/needles-and-hooks
pli≈ã,https://pennclubs.com/club/pli
Women in MEAM (WiM),https://pennclubs.com/club/women-in-meam-wim
Asian Pacific American Nursing Student Association,https://pennclubs.com/club/asian-pacific-american-nursing-student-association
Penn Online Ski Club,https://pennclubs.com/club/penn-online-ski-club
Penn Duelists,https://pennclubs.com/club/penn-duelists
Book Club of Love at Penn,https://pennclubs.com/club/book-club-of-love-at-penn
Undergraduate Economics Society (UES),https://pennclubs.com/club/ues
TableTalk Penn,https://pennclubs.com/club/tabletalk-penn
Penn Asian Review,https://pennclubs.com/club/asian-review
SPEC Jazz & Grooves,https://pennclubs.com/club/spec-jazz-grooves
Students4Rohingya,https://pennclubs.com/club/students4rohingya
Awareness Against Current Transgressions (AACT),https://pennclubs.com/club/awareness-against-current-transgressions
Penn MINHUET,https://pennclubs.com/club/penn-minhuet
Team 2030+,https://pennclubs.com/club/team-2030
Penn Space Finance,https://pennclubs.com/club/penn-uap
Lightning Rod Studios,https://pennclubs.com/club/lightning-rod-studios
Admissions Dean's Advisory Board,https://pennclubs.com/club/admissions-deans-advisory-board
Art and Archaeological Conservation Club,https://pennclubs.com/club/art-and-archaeological-conservation-club
Chabad House at Penn,https://pennclubs.com/club/chabad-house-at-penn
Data Science General Assembly,https://pennclubs.com/club/data-science-general-assembly
The Chavurah,https://pennclubs.com/club/the-chavurah
Ethics Across Our Borders (EAOB),https://pennclubs.com/club/ethics-across-our-borders-eaob
Daily Pennsylvanian Developers,https://pennclubs.com/club/dp-developers
Penn CASE,https://pennclubs.com/club/penncase
Wharton Undergraduate Giving Society,https://pennclubs.com/club/wharton-undergraduate-giving-society
Penn Triumph Over Trafficking,https://pennclubs.com/club/penn-triumph-over-trafficking
Beyond Hazing,https://pennclubs.com/club/beyond-hazing
Weiss Tech House,https://pennclubs.com/club/weiss-tech-house
Undergraduate Research Initiative,https://pennclubs.com/club/undergraduate-research-initiative
Virtual Reality @ Penn,https://pennclubs.com/club/virtual-reality-penn
Penn Bridge Club,https://pennclubs.com/club/penn-bridge-club
Nonprofit Connect,https://pennclubs.com/club/nonprofit-connect
Penn Non-Cis,https://pennclubs.com/club/penn-non-cis
Penn Atma,https://pennclubs.com/club/penn-atma
Penn Improv Society,https://pennclubs.com/club/penn-improvisational-society
SPEC To Represent Undergraduate Minorities (SPEC-TRUM),https://pennclubs.com/club/spec-to-represent-undergraduate-minorities-spec-trum
The Andean Representation,https://pennclubs.com/club/the-andean-representation
Penn Billiards League,https://pennclubs.com/club/penn-pool-club
The Coalition for Christian Outreach,https://pennclubs.com/club/the-coalition-for-christian-outreach
Penn Effective Altruism,https://pennclubs.com/club/penn-effective-altruism
Dental Bridges,https://pennclubs.com/club/dental-bridges
The Junto,https://pennclubs.com/club/the-junto
Sigma Eta Pi,https://pennclubs.com/club/sigma-eta-pi
Penn PBL,https://pennclubs.com/club/penn-pbl
"Penn Busk & Jam (Bar, Restaurant &Street Performances)",https://pennclubs.com/club/penn-busk-jam-street-performance
Hearts Over Hands,https://pennclubs.com/club/hearts-over-hands
PennDure,https://pennclubs.com/club/penndure
Alif Bet,https://pennclubs.com/club/alif-bet-fellowship
Penn Initiative for Minority Mental Health,https://pennclubs.com/club/penn-initiative-for-minority-mental-health
Penn Masala,https://pennclubs.com/club/penn-masala
Sharing Excess at the University of Pennsylvania,https://pennclubs.com/club/sharing-excess-at-upenn
Penn Pre-Veterinary Club,https://pennclubs.com/club/penn-pre-veterinary-club
Global Women Empowerment,https://pennclubs.com/club/global-women-empowerment
Penn Undergraduate Moot Court Team,https://pennclubs.com/club/penn-undergraduate-moot-court-team
Pennalizers,https://pennclubs.com/club/pennalizers
IMPACT Magazine,https://pennclubs.com/club/impact
UAEM Penn,https://pennclubs.com/club/uaem-penn
Penn WinC,https://pennclubs.com/club/penn-winc
Penn for Biden,https://pennclubs.com/club/penn-for-biden
Voices For Girls‚Äô Education,https://pennclubs.com/club/voices-for-girls-education
Stitch it to the Patriarchy @ Penn,https://pennclubs.com/club/stitch-it-to-the-patriarchy-penn
Wharton Latino,https://pennclubs.com/club/wharton-latino
Penn Wellness,https://pennclubs.com/club/penn-wellness
Penn Club Field Hockey,https://pennclubs.com/club/penn-club-field-hockey
Coalition for Christian Outreach (CCO),https://pennclubs.com/club/coalition-for-christian-outreach-cco
Friars Senior Society,https://pennclubs.com/club/friars-senior-society
IDOM Student Interest Group,https://pennclubs.com/club/idom-student-interest-group
Penn Boxing Club,https://pennclubs.com/club/boxing
Phi Sigma Biological Honor Society,https://pennclubs.com/club/phi-sigma-biological-honor-society
Project LETS at Penn,https://pennclubs.com/club/project-lets-at-penn
Clark Park Artists,https://pennclubs.com/club/clark-park-artists
Fellowship of Christian Athletes In Action,https://pennclubs.com/club/fellowship-of-christian-athletes-in-action
Returning Student Organization,https://pennclubs.com/club/returning-student-organization
Asian Programmers Interface (API),https://pennclubs.com/club/asian-programmers-interface-api
"Omega Psi Phi Fraternity, inc.",https://pennclubs.com/club/omega-psi-phi-fraternity-inc
Penn Quakers Venture Club,https://pennclubs.com/club/penn-quakers-venture-club
Penn Cru,https://pennclubs.com/club/penn-cru
Penn Gap Year Association,https://pennclubs.com/club/penn-gap-year-association
Penn Predictive Sports Analysis,https://pennclubs.com/club/penn-predictive-sports-analysis
Hispanic Finance Association,https://pennclubs.com/club/hispanic-finance-association
Penn Swizzles,https://pennclubs.com/club/penn-swizzles
Penn Pals,https://pennclubs.com/club/penn-pals
Penn RED (Real Estate and Development),https://pennclubs.com/club/penn-urban-planning-and-development
CodeBono,https://pennclubs.com/club/codebono
Penn Engineers in Finance,https://pennclubs.com/club/penn-engineers-in-finance
PEER Mentorship,https://pennclubs.com/club/peer-mentorship
"Sigma Lambda Upsilon/Se√±oritas Latinas Unidas Sorority, Inc.",https://pennclubs.com/club/sigma-lambda-upsilonsenoritas-latinas-unidas-sorority-inc
Students of NROTC,https://pennclubs.com/club/students-of-nrotc
PennPIRG Students,https://pennclubs.com/club/pennpirg-students
Social Planning and Events Committee (SPEC),https://pennclubs.com/club/spec
United Community Clinic - Undergraduate,https://pennclubs.com/club/united-community-clinic-undergraduate
Penn Records,https://pennclubs.com/club/penn-records
Wharton Undergraduate Hospitality and Travel Club,https://pennclubs.com/club/wharton-undergraduate-hospitality-and-travel-club
Penn Go Society,https://pennclubs.com/club/penn-go-wei-qi-baduk-society
Tenth Presbyterian International Ministry,https://pennclubs.com/club/tenth-presbyterian-international-ministry
Diversity & Inclusion in Business Club,https://pennclubs.com/club/diversity-and-inclusion-in-business-club
Penn Plant Exchange,https://pennclubs.com/club/penn-plant-exchange
Jewish Renaissance Project,https://pennclubs.com/club/jewish-renaissance-project
Cubics Entertainment,https://pennclubs.com/club/cubics-entertainment
Disability Advocacy @Penn,https://pennclubs.com/club/disability-advocacy-penn
Penn Israel Alliance,https://pennclubs.com/club/penn-israel-alliance
Classroom Champions,https://pennclubs.com/club/classroom-champions
Penn Gamers,https://pennclubs.com/club/penn-gamers
Engineering Deans' Advisory Board (EDAB),https://pennclubs.com/club/edab
SPEC Pop Up,https://pennclubs.com/club/spec-pop-up
"Archery, Shooting, and Hunting at the University of Pennsylvania",https://pennclubs.com/club/archery-shooting-and-hunting-at-the-university-of-pennsylvania
Philadelphia Alliance for Labor Support,https://pennclubs.com/club/philadelphia-alliance-for-labor-support
CIT59x,https://pennclubs.com/club/cit59x
Classics Board,https://pennclubs.com/club/classics-board
Penn Sudanis,https://pennclubs.com/club/penn-sudanis
Korean Christian Fellowship,https://pennclubs.com/club/korean-christian-fellowship
Penn Student Agencies,https://pennclubs.com/club/penn-student-agencies
Locust Bioventures,https://pennclubs.com/club/locust-bioventures
Amnesty International at Penn,https://pennclubs.com/club/amnesty-international-at-penn
Penn Reading Initiative,https://pennclubs.com/club/reading-initiative
Penn Mergers & Acquisitions Club,https://pennclubs.com/club/penn-mergers-acquisitions-club
SGI Buddhist Club at Penn,https://pennclubs.com/club/sgi-buddhist-club-at-penn
Penn Journal of Economics (PJE),https://pennclubs.com/club/penn-journal-of-economics-pje
Wharton Rugby Football Club,https://pennclubs.com/club/wharton-rugby-football-club
Penn Undergraduate Smart Woman Securities Association,https://pennclubs.com/club/smart-woman-securities
Penn Global Business Affairs,https://pennclubs.com/club/penn-global-business-affairs
Simply Chaos,https://pennclubs.com/club/simply-chaos
Wharton China Finance Association,https://pennclubs.com/club/wharton-china-finance-association
Penn Empower Through Health,https://pennclubs.com/club/penn-empower-through-health
Penn Illusionist,https://pennclubs.com/club/pennillusionist
Penn Community for Justice,https://pennclubs.com/club/penn-community-for-justice
Strictly Funk,https://pennclubs.com/club/strictlyfunk
Curiouser,https://pennclubs.com/club/curiouser
"Programs in Religious, Interfaith, and Spiritual Matters (PRISM)",https://pennclubs.com/club/prism
Latin American Graduate and Professional Student Assembly,https://pennclubs.com/club/latin-american-graduate-and-professional-student-assembly
"St. Mary's, Hamilton Village, The Episcopal Church at Penn",https://pennclubs.com/club/st-marys-hamilton-village-the-episcopal-church-at-penn
Nepalese Association at Penn (NAP),https://pennclubs.com/club/nepalese-association-at-penn-nap
Tip of the Iceberg,https://pennclubs.com/club/tip-of-the-iceberg
Penn Leadership and Technology Society,https://pennclubs.com/club/penn-leadership-and-technology-society
Undergraduate Women in Chemistry and Biochemistry,https://pennclubs.com/club/undergraduate-women-in-chemistry-and-biochemsitry
Sappho,https://pennclubs.com/club/sappho
Girl Scouts at Penn,https://pennclubs.com/club/girl-scouts-at-penn
Students Supporting Israel at Penn,https://pennclubs.com/club/students-supporting-israel-at-penn
PennTurks,https://pennclubs.com/club/pennturks
The Red&Blue Forum,https://pennclubs.com/club/the-redblue-forum
RGV@PENN,https://pennclubs.com/club/rgvpenn
Dissent,https://pennclubs.com/club/4thwave
Penn Walks to Wellness (W2W),https://pennclubs.com/club/penn-walks-to-wellness-w2w
Brooklyn & Harlow Federal Investment Group,https://pennclubs.com/club/brooklyn-harlow-co
Penn Thillana,https://pennclubs.com/club/penn-thillana
Embodied Practices,https://pennclubs.com/club/embodied-practices
The Penn Moviegoer,https://pennclubs.com/club/the-penn-moviegoer
Penn Hedge Fund Student Group,https://pennclubs.com/club/stocks
TOM:University of Pennsylvania,https://pennclubs.com/club/tomuniversity-of-pennsylvania
Intellectual Property Penn Club,https://pennclubs.com/club/intellectual-property-penn-club
Black Graduate and Professional Student Assembly,https://pennclubs.com/club/black-graduate-and-professional-student-assembly
Audiobook Club,https://pennclubs.com/club/audiobook-club
Fenjan: The Middle East Journal,https://pennclubs.com/club/fenjan-the-middle-east-journal
Penn Business Ethics Club,https://pennclubs.com/club/penn-business-ethics-club
"Lambda Theta Alpha Latin Sorority, Incorporated",https://pennclubs.com/club/lambda-theta-alpha-latin-sorority-incorporated
Penn Panhellenic Council,https://pennclubs.com/club/penn-panhellenic-council
ESE PhD Association,https://pennclubs.com/club/ese-phd-association
The Bench,https://pennclubs.com/club/the-bench
Engineering FC,https://pennclubs.com/club/engineering-fc
Penn for Immigrant Rights,https://pennclubs.com/club/penn-for-immigrant-rights
Penn GROW,https://pennclubs.com/club/penn-grow
BGS Climbing Club,https://pennclubs.com/club/bgs-climbing-club
Penn Restaurant Business,https://pennclubs.com/club/penn-restaurant-business
Safety for Minority,https://pennclubs.com/club/safety-for-minority
On The Spot Poetry + Flash Fiction,https://pennclubs.com/club/on-the-spot-poetry-flash-fiction
Penn Calisthenics Club,https://pennclubs.com/club/penn-calisthenics-club
Community Engagement Program,https://pennclubs.com/club/community-engagement-program
Penn BESC,https://pennclubs.com/club/penn-besc
Georgian Club,https://pennclubs.com/club/georgian-club
Zeta Tau Alpha,https://pennclubs.com/club/zeta-tau-alpha
PennMedXR,https://pennclubs.com/club/pennmedxr
Penn Housing For All,https://pennclubs.com/club/penn-housing-for-all
PSWiRE,https://pennclubs.com/club/pswire
Penn Panhellenic,https://pennclubs.com/club/penn-panhellenic
The MindBank,https://pennclubs.com/club/mindbank
Computer Systems at Penn,https://pennclubs.com/club/computer-systems-club
Penn RainWorks,https://pennclubs.com/club/penn-rainworks
Penn Actuarial Society,https://pennclubs.com/club/actuarial
Wharton India Economic Forum,https://pennclubs.com/club/wharton-india-economic-forum
Penn Persian Society,https://pennclubs.com/club/pennpersiansociety
Tri Delta,https://pennclubs.com/club/tri-delta
Seniors for The Penn Fund,https://pennclubs.com/club/seniors-for-the-penn-fund
Penn Moderates,https://pennclubs.com/club/penn-moderates
Penn ACM SIGGRAPH Student Chapter,https://pennclubs.com/club/upenn-acm-siggraph-student-chapter
Spice Collective,https://pennclubs.com/club/spice-collective
"The Spiral: Penn Undergraduate Journal for the Study of Religion, Spirituality, and Society",https://pennclubs.com/club/the-spiral
College Cognoscenti,https://pennclubs.com/club/college-cognoscenti
Soundworks Tap Factory,https://pennclubs.com/club/soundworks
BGS (Biomedical Graduate Students) Tennis Club,https://pennclubs.com/club/bgs-biomedical-graduate-students-tennis-club
Swipe Out Hunger,https://pennclubs.com/club/swipe-out-hunger
Kapacity,https://pennclubs.com/club/kapacity
Penn Chinese Chess and Go,https://pennclubs.com/club/penn-chinese-chess-and-go
Penn Global Brigades,https://pennclubs.com/club/global-bridgades
MatSci Makerspace,https://pennclubs.com/club/matsci-makerspace
Penn Polo Club,https://pennclubs.com/club/polo
Penn Pakistan Society,https://pennclubs.com/club/pakistan-society
Sigma Alpha Mu,https://pennclubs.com/club/sigma-alpha-mu
Penn Op-Ed Club,https://pennclubs.com/club/op-ed-club
Balkans At Penn,https://pennclubs.com/club/balkans-at-penn
Ernest E. Just Biomedical Society,https://pennclubs.com/club/ernest-e-just-biomedical-society
Queer People of Color,https://pennclubs.com/club/qpocf
Istmo Y Vos,https://pennclubs.com/club/istmo-y-vos
Penn Nordic,https://pennclubs.com/club/penn-nordic
Global Medieval Studies Society,https://pennclubs.com/club/global-medieval-studies-society
Penn Trash Pickup Collective (PTPC),https://pennclubs.com/club/neighborhood-trash-pickup-collective-ntpc
Fels Veterans Club,https://pennclubs.com/club/fels-veterans-club
Penn Russian Club,https://pennclubs.com/club/russian-club
Penn EnChord A Cappella,https://pennclubs.com/club/penn-enchord-a-cappella
The Black Radical Tradition,https://pennclubs.com/club/the-black-radical-tradition
Speech and Debate,https://pennclubs.com/club/speech-and-debate
Penn HOSA,https://pennclubs.com/club/penn-hosa
Penn Pee Med Organization,https://pennclubs.com/club/penn-pee-med-organization
Wharton Leadership Ventures,https://pennclubs.com/club/wharton-leadership-ventures
Penn Educational Studies Program,https://pennclubs.com/club/penn-educational-studies-program
American Water Works Association at Penn,https://pennclubs.com/club/american-water-works-association-at-penn
Penn Impactful Careers,https://pennclubs.com/club/penn-impactful-careers
Penn Students for Uyghur Freedom,https://pennclubs.com/club/penn-students-for-uyghur-freedom
Black Huntsman,https://pennclubs.com/club/black-huntsman
PCU B Seniors,https://pennclubs.com/club/pcu-b-seniors
Wharton Business & Law Association (WBLA),https://pennclubs.com/club/wbla
After School Arts at Penn,https://pennclubs.com/club/after-school-arts-at-penn
Penn Habesha Association,https://pennclubs.com/club/penn-habesha-association
PC-GSA,https://pennclubs.com/club/pc-gsa
LL.M. Soccer,https://pennclubs.com/club/llm-soccer
University of Pennsylvania Student Veteran Association,https://pennclubs.com/club/university-of-pennsylvania-student-veteran-association
Penn MMDC,https://pennclubs.com/club/penn-mmdc
Penn Pianos,https://pennclubs.com/club/penn-pianos
Fontaine Society,https://pennclubs.com/club/fontaine-society
Women's Athletic Association,https://pennclubs.com/club/womens-athletic-association
University of Pennsylvania Bah√°'√≠ Club,https://pennclubs.com/club/university-of-pennsylvania-bahai-club
PennAlb,https://pennclubs.com/club/pennalb
Sigma Kappa Sorority,https://pennclubs.com/club/sigma-kappa-sorority
AAPHD,https://pennclubs.com/club/aaphd
Penn Robotics Entrepreneur Club,https://pennclubs.com/club/penn-robotics-entrepreneur-club
Colleges Against Cancer (Relay For Life),https://pennclubs.com/club/colleges-against-cancer-relay-for-life
Penn Pixel,https://pennclubs.com/club/penn-pixel
Be The Match at Penn,https://pennclubs.com/club/be-the-match-at-upenn
Penn Alaap,https://pennclubs.com/club/penn-alaap
Christian Union Martus,https://pennclubs.com/club/christian-union-at-penn-formerly-pennfa
Save a Child's Heart Chapter at Penn,https://pennclubs.com/club/save-a-childs-heart-chapter-at-penn
Petey Greene,https://pennclubs.com/club/petey-greene
Penn Social Dance,https://pennclubs.com/club/penn-social-dance
Penn Kazakh Community,https://pennclubs.com/club/penn-kazakh-community
GAPSA Crossword & Wordle,https://pennclubs.com/club/gapsa-crossword-wordle
Wharton Dance Studio - Graduate Club,https://pennclubs.com/club/dance-studio
1st year at Penn,https://pennclubs.com/club/1st-year-at-penn
Penn Surf Club,https://pennclubs.com/club/penn-surf-club
Penn Pediatric Dental Society,https://pennclubs.com/club/penn-pediatric-dental-society
First Year Committee (FYC),https://pennclubs.com/club/first-year-committee-fyc
Epsilon Nu Tau (ENT),https://pennclubs.com/club/epsilon-nu-tau-ent
Law Students for a Democratic Society (LSDS),https://pennclubs.com/club/law-students-for-a-democratic-society
Wharton Badminton Club,https://pennclubs.com/club/wharton-badminton-club
Penn Med Cricket,https://pennclubs.com/club/penn-med-cricket
Penn Undergraduate Health Council,https://pennclubs.com/club/penn-undergraduate-health-council
Biotech and Informatics Careers,https://pennclubs.com/club/biotech-and-informatics-careers
Graduate and Professional Students Assembly,https://pennclubs.com/club/graduate-and-professional-students-assembly
Penn First Graduate Association,https://pennclubs.com/club/penn-first-graduate-association
"Group for Asian Values, Equity, & Law (GAVEL)",https://pennclubs.com/club/group-for-asian-values-equity-law-gavel
Phi Delta Theta,https://pennclubs.com/club/phi-delta-theta
Bacenta,https://pennclubs.com/club/bacenta
Hispanic Studies Graduate Student Group,https://pennclubs.com/club/hispanic-studies-graduate-student-group
Women in Leadership Series,https://pennclubs.com/club/wils
Student Activities Council,https://pennclubs.com/club/sac
Penn Housing Rights Project,https://pennclubs.com/club/penn-housing-rights-project
Penn Law History Club,https://pennclubs.com/club/penn-law-history-club
Penn Preservation Student Association,https://pennclubs.com/club/penn-preservation-student-association
Weightlifting,https://pennclubs.com/club/weightlifting
Asians In Medicine (AIM),https://pennclubs.com/club/asians-in-medicine-aim
Phi Sigma Pi,https://pennclubs.com/club/phi-sigma-pi
2023 Class Board,https://pennclubs.com/club/2023-class-board
Arab Student Dental Society,https://pennclubs.com/club/arab-student-dental-society
Variations,https://pennclubs.com/club/variations
PennRaps,https://pennclubs.com/club/pennraps
TechCare For Seniors,https://pennclubs.com/club/techcare-for-seniors
Kappa Alpha Society Pennyslvania Beta Chapter,https://pennclubs.com/club/kappa-alpha-society-pennyslvania-beta-chapter
Student Council at the Weitzman School of Design,https://pennclubs.com/club/student-council-at-the-weitzman-school-of-design
Tau Epsilon Phi Fraternity,https://pennclubs.com/club/tau-epsilon-phi-fraternity
Quakers Against Hunger,https://pennclubs.com/club/quakers-against-hunger
Medieval and Renaissance graduate working group,https://pennclubs.com/club/medieval-and-renaissance-graduate-working-group
Cogwell,https://pennclubs.com/club/cogwell
Graduate Women in Science (GWIS) Philadelphia Chapter,https://pennclubs.com/club/graduate-women-in-science-gwis-philadelphia-chapter
Graduate Karaoke Club,https://pennclubs.com/club/graduate-karaoke-club
Sigma Alpha Epsilon,https://pennclubs.com/club/sigma-alpha-epsilon
Penn Golf Alliance,https://pennclubs.com/club/penn-golf-alliance
Penn Students for Christ,https://pennclubs.com/club/penn-students-for-christ
Southern Cone Club,https://pennclubs.com/club/southern-cone-club
Penn League of Legends Club,https://pennclubs.com/club/penn-league-of-legends-club
Students United for Medical Accessibility,https://pennclubs.com/club/students-united-for-medical-accessibility
St. Elmo Club,https://pennclubs.com/club/st-elmo-club
University of Pennsylvania Graduate Christian Fellowship,https://pennclubs.com/club/upenn-graduate-christian-fellowship
Orthodox Christian Fellowship at Penn,https://pennclubs.com/club/orthodox-christian-fellowship-at-penn
Asian Law & Politics Society,https://pennclubs.com/club/asian-law-politics-society
SPEC Sound,https://pennclubs.com/club/spec-sound
Refugee Health Alliance,https://pennclubs.com/club/refugee-health-alliance
Graduate Boardgames,https://pennclubs.com/club/graduate-boardgames
Lutheran Campus Ministry,https://pennclubs.com/club/lutheran-campus-ministry
Penn Undergraduate Healthcare Investment Group,https://pennclubs.com/club/penn-undergraduate-healthcare-investment-group
Asian History and Economic Association,https://pennclubs.com/club/asian-history-and-economic-association
Wharton Future of Cities Conference,https://pennclubs.com/club/wharton-future-of-cities-conference
Penn Fight Night,https://pennclubs.com/club/penn-fight-night
French & Italian Graduate Society,https://pennclubs.com/club/french-italian-graduate-society
Penn Club Gymnastics,https://pennclubs.com/club/penn-club-gymnastics
Penn V-Day,https://pennclubs.com/club/penn-v-day
University of Pennsylvania eSports Association,https://pennclubs.com/club/university-of-pennsylvania-esports-association
Poetic Memory Program (PMP),https://pennclubs.com/club/poetic-memory-program-pmp
Penn Wharton China Summit (PWCS),https://pennclubs.com/club/penn-wharton-china-summit-pwcs
Society for African Internationals at Penn,https://pennclubs.com/club/society-for-african-internationals-at-penn
2022 Class Board,https://pennclubs.com/club/2022-class-board
Penn LLM intiative,https://pennclubs.com/club/penn-llm-intiative
Tafsilan: Graduate Reading Group for Issues in Ethnographies of South Asia,https://pennclubs.com/club/tafsilan
HSAB,https://pennclubs.com/club/hsab
Falun Dafa Club,https://pennclubs.com/club/falun-dafa-club
Asian Pacific American Law Students Association (APALSA),https://pennclubs.com/club/asian-pacific-american-law-students-association-apalsa
Pi Sigma Alpha,https://pennclubs.com/club/pi-sigma-alpha
Asociaci√≥n Boricua,https://pennclubs.com/club/asociacion-boricua
Alpha Phi,https://pennclubs.com/club/alpha-phi
Association of Women Student MD-PhDs (AWSM),https://pennclubs.com/club/association-of-women-student-md-phds
"La Unidad Latina, Lambda Upsilon Lambda Fraternity Inc. - Delta Chapter",https://pennclubs.com/club/la-unidad-latina-lambda-upsilon-lambda-fraternity-inc-delta-chapter
SP2 Self-Care & Recreation,https://pennclubs.com/club/sp2-self-care-recreation
EduCare,https://pennclubs.com/club/penn-educare
Meor Penn,https://pennclubs.com/club/meor-penn
PennHealthX,https://pennclubs.com/club/pennhealthx
Performing Arts Council (PAC),https://pennclubs.com/club/performing-arts-council-pac
Penn Rationality,https://pennclubs.com/club/penn-rationality
The Worcester Society for the Advancement of Computing Sciences,https://pennclubs.com/club/the-worcester-society-for-the-advancement-of-computing-sciences
Wharton Undergraduate Research Board,https://pennclubs.com/club/wharton-undergraduate-research-board
Students for a Climate-Conscious Curriculum,https://pennclubs.com/club/students-for-a-climate-conscious-curriculum
Penn Microfinance,https://pennclubs.com/club/microfinance
Hawaii Club,https://pennclubs.com/club/hawaii-club
Eta Sigma Phi (ŒóŒ£Œ¶),https://pennclubs.com/club/eta-sigma-phi
Bhakti Yoga Club,https://pennclubs.com/club/bhakti-yoga-club
GAPSA Math Olympiad,https://pennclubs.com/club/gapsa-math-olympiad
GAPSA Debating,https://pennclubs.com/club/gapsa-debating
Philosophy Dept Graduate Colloquium,https://pennclubs.com/club/philosophy-dept-graduate-colloquium
Day of Service,https://pennclubs.com/club/day-of-service
The Shea Collective,https://pennclubs.com/club/the-shea-collective
Wharton Youth Mentors,https://pennclubs.com/club/wharton-youth-mentors
GAPSA Ultimate,https://pennclubs.com/club/gapsa-ultimate
GAPSA Penn Grad Ski,https://pennclubs.com/club/gapsa-penn-grad-ski
GAPSA Soccer,https://pennclubs.com/club/gapsa-soccer
Minority in Sports Business Network,https://pennclubs.com/club/minority-in-sports-business-network
African American MBA Association,https://pennclubs.com/club/african-american-mba-association
Wharton Follies,https://pennclubs.com/club/wharton-follies
Wharton Yoga & Wellness Club,https://pennclubs.com/club/wharton-yoga-wellness-club
GAPSA Penn Grad Billiards,https://pennclubs.com/club/gapsa-penn-grad-billiards
Hearts for the Homeless International,https://pennclubs.com/club/hearts-for-the-homeless-international
GAPSA Penn Grad Running,https://pennclubs.com/club/gapsa-penn-grad-running
GAPSA Basketball,https://pennclubs.com/club/gapsa-basketball
Wharton Rebuilding Together Philadelphia,https://pennclubs.com/club/wharton-rebuilding-together-philadelphia
GAPSA Penn Grad Rock Climbing,https://pennclubs.com/club/gapsa-penn-grad-rock-climbing
Penn Sim Racing Club,https://pennclubs.com/club/penn-sim-racing-club
GAPSA Card Gaming,https://pennclubs.com/club/gapsa-card-gaming
GAPSA Penn Grad Sailing,https://pennclubs.com/club/gapsa-penn-grad-sailing
GAPSA Trivia & Quizzo,https://pennclubs.com/club/gapsa-trivia-quizzo
GAPSA Table Tennis,https://pennclubs.com/club/gapsa-table-tennis
Graduate Knitting Club,https://pennclubs.com/club/graduate-knitting-club
Wavelength,https://pennclubs.com/club/wavelength
Solidarity Economics,https://pennclubs.com/club/solidarity-economics
Biology Graduate Student Association,https://pennclubs.com/club/biology-graduate-student-association
Annenberg Graduate Student Council,https://pennclubs.com/club/annenberg-graduate-student-council
Order of Omega,https://pennclubs.com/club/order-of-omega
Graduate Leather Craft Club,https://pennclubs.com/club/graduate-leather-craft-club
Educational Linguistics Forum,https://pennclubs.com/club/educational-linguistics-forum
Women+ in Chemistry,https://pennclubs.com/club/women-in-chemistry
Penn Med Symphony Orchestra,https://pennclubs.com/club/penn-med-symphony-orchestra
SP2 Asians for Social Justice,https://pennclubs.com/club/sp2-asians-for-social-justice
Wharton F.C.,https://pennclubs.com/club/wharton-fc
Penn Neuroscience Network,https://pennclubs.com/club/penn-neuroscience-network
2021 Class Board,https://pennclubs.com/club/2021-class-board
Wharton Graduate Association,https://pennclubs.com/club/wharton-graduate-association
Penn Graduate Linguistics Society,https://pennclubs.com/club/penn-graduate-linguistics-society
Alpha Epsilon Pi,https://pennclubs.com/club/alpha-epsilon-pi
"Alpha Kappa Alpha Sorority, Incorporated¬Æ",https://pennclubs.com/club/alpha-kappa-alpha-sorority-incorporated
Zeta Psi,https://pennclubs.com/club/zeta-psi
First Generation Professional Students Society,https://pennclubs.com/club/first-generation-professional-students-society
